link,name,price
/fz/3c3beca991162660x.htm#fr_page=list&fr_pos=city&fr_no=0,福特 嘉年华 2011款 三厢 1.5L 自动时尚型,3.10
/changzhi/753783bfc4075e64x.htm#fr_page=list&fr_pos=city&fr_no=1,福特 福克斯 2011款 两厢 1.8L 自动时尚型,3.08
/hrb/2441e176f3db9707x.htm#fr_page=list&fr_pos=city&fr_no=2,雪佛兰 科鲁兹 2011款 1.6L SE AT,3.30
/dezhou/433fdd8dcb5dd365x.htm#fr_page=list&fr_pos=city&fr_no=3,福特 福克斯 2013款 两厢经典 1.8L 手动基本型,3.40
/sy/6a39a45f8c1a159bx.htm#fr_page=list&fr_pos=city&fr_no=4,日产 轩逸 2016款 经典 1.6XE 自动领先版,7.18
/wx/20fce5b48e3d774fx.htm#fr_page=list&fr_pos=city&fr_no=5,斯柯达 晶锐 2011款 1.4L 自动晶致版,2.80
/zz/4f72921425707e45x.htm#fr_page=list&fr_pos=city&fr_no=6,福特 福睿斯 2015款 1.5L 手动舒适型,3.85
/tj/0b1f83e8ab9550aax.htm#fr_page=list&fr_pos=city&fr_no=7,福特 福克斯 2009款 两厢 1.8L 自动时尚型,3.30
/tj/24be4fa76bfb701ax.htm#fr_page=list&fr_pos=city&fr_no=8,福特 蒙迪欧-致胜 2011款 2.0L GTDi200豪华型,5.85
/ty/79d09525b5939a7dx.htm#fr_page=list&fr_pos=city&fr_no=9,福特 福克斯 2012款 三厢 1.6L 自动风尚型,4.38
/dl/6931ad2e901de5e6x.htm#fr_page=list&fr_pos=city&fr_no=10,日产 轩逸 2016款 1.6XL  CVT尊享版,8.70
/dl/b8415e894cbc29b1x.htm#fr_page=list&fr_pos=city&fr_no=11,日产 骊威 2010款 劲锐版 1.6L 手动标准型,3.50
/qd/29612a5d77a42270x.htm#fr_page=list&fr_pos=city&fr_no=12,别克 凯越 2011款 1.6LE-AT,2.80
/nc/0d56c382cc2c7002x.htm#fr_page=list&fr_pos=city&fr_no=13,福特 福睿斯 2019款 1.5L 自动悦享型,7.18
/ty/58ecdb51ee3804b2x.htm#fr_page=list&fr_pos=city&fr_no=14,别克 君威 2010款 2.0L 世博版,4.38
/suqian/57c2916dd030d5fex.htm#fr_page=list&fr_pos=city&fr_no=15,奔腾B50 2009款 1.6 手动豪华型,1.90
/km/32d4730818707cbex.htm#fr_page=list&fr_pos=city&fr_no=16,大众POLO 2009款 劲情 1.4L 手动时尚版,2.68
/dg/4c061413d0f84a93x.htm#fr_page=list&fr_pos=city&fr_no=17,本田 锋范经典 2011款 1.5L 自动精英品致版,4.38
/bj/74a72233f9da15a3x.htm#fr_page=list&fr_pos=city&fr_no=18,日产 天籁 2011款 2.5L XL领先版,7.50
/jiaxing/4622d8cbeadcc66bx.htm#fr_page=list&fr_pos=city&fr_no=19,本田 雅阁 2010款 2.0L EX,6.10
/langfang/c0b46dd2595baeb9x.htm#fr_page=list&fr_pos=city&fr_no=20,雪佛兰 2015款 赛欧3 1.5L 手动幸福版,4.50
/wh/0b2de936761f258fx.htm#fr_page=list&fr_pos=city&fr_no=21,大众POLO 2013款 1.4L 自动舒适版,5.98
/wh/ad85fc57238e5d27x.htm#fr_page=list&fr_pos=city&fr_no=22,大众 朗逸 2013款 改款经典 1.6L 自动舒适版,6.63
/xa/d4fa66273837dca1x.htm#fr_page=list&fr_pos=city&fr_no=23,起亚K2 2015款 三厢 1.4L AT GLS,4.80
/dl/1609e2e39514059ex.htm#fr_page=list&fr_pos=city&fr_no=24,福特 福睿斯 2015款 1.5L 手动舒适型,4.80
/jn/973dabb8b309df28x.htm#fr_page=list&fr_pos=city&fr_no=25,大众 宝来 2013款 1.6L 自动舒适型,5.30
/ty/cfe7bf479310cde7x.htm#fr_page=list&fr_pos=city&fr_no=26,福特 福睿斯 2015款 1.5L 手动舒适型,5.60
/cd/3769c84e1f5ebe8dx.htm#fr_page=list&fr_pos=city&fr_no=27,本田 思域 2013款 十周年纪念 1.8L 自动豪华版,7.18
/ty/6b4c8d3ba65a7cc8x.htm#fr_page=list&fr_pos=city&fr_no=28,东南 V3菱悦 2014款 1.5L 手动精明版,3.50
/xa/f87ba6b531510c46x.htm#fr_page=list&fr_pos=city&fr_no=29,大众 朗逸 2013款 改款经典 1.6L 自动舒适版,6.30
/sh/b54b5ca4da3e3ec1x.htm#fr_page=list&fr_pos=city&fr_no=30,起亚 智跑 2012款 2.0L 自动两驱版GLS,7.18
/baoding/06776fa92d763f81x.htm#fr_page=list&fr_pos=city&fr_no=31,雪铁龙 世嘉 2013款 三厢 1.6L 手动品尚型,3.90
/yuncheng/ad2430b42c28e2f1x.htm#fr_page=list&fr_pos=city&fr_no=32,大众POLO 2016款 1.4L 自动风尚型,6.60
/sjz/b26a1fe9f1b0e434x.htm#fr_page=list&fr_pos=city&fr_no=33,比亚迪F3 2020款 1.5L 手动经典型,3.88
/su/d527ffd42b738734x.htm#fr_page=list&fr_pos=city&fr_no=34,奔驰C级 2010款 C 200K 标准型,9.50
/su/68e6ea06c54eeacex.htm#fr_page=list&fr_pos=city&fr_no=35,别克 英朗 2015款 15N 自动豪华型,6.48
/dezhou/f023ac9f92d60595x.htm#fr_page=list&fr_pos=city&fr_no=36,现代 全新胜达 2013款 2.4L 自动两驱智能型,8.70
/sy/1f8831253dbcc4cex.htm#fr_page=list&fr_pos=city&fr_no=37,日产 帕拉丁 2013款 2.4L 四驱标准型 国V,8.98
/jiaxing/d0220f4f0ba8f540x.htm#fr_page=list&fr_pos=city&fr_no=38,起亚K2 2017款 三厢 1.4L AT 15周年特别版GLS,6.40
/sy/4703d691824a4582x.htm#fr_page=list&fr_pos=city&fr_no=39,大众 朗行 2015款 1.6L 自动风尚版,7.35
/yancheng/46710ce0164e0ac3x.htm#fr_page=list&fr_pos=city&fr_no=0,雪佛兰 科帕奇 2015款 2.4L 四驱旗舰版 7座,8.80
/ty/ed521c8cc7a04060x.htm#fr_page=list&fr_pos=city&fr_no=1,吉利 远景 2018款 1.5L 手动幸福版,4.80
/handan/62c55c1a5305d284x.htm#fr_page=list&fr_pos=city&fr_no=2,大众 途观 2012款 1.8TSI 自动四驱菁英版,8.80
/cq/921a3b1c59db0bf8x.htm#fr_page=list&fr_pos=city&fr_no=3,铃木 启悦 2015款 1.6L 手动舒享型,4.38
/sy/c3d37aa46eb73927x.htm#fr_page=list&fr_pos=city&fr_no=4,大众 朗逸 2017款 1.6L 手动风尚版,6.75
/dezhou/deab8fa33e10e536x.htm#fr_page=list&fr_pos=city&fr_no=5,斯柯达 昕锐 2015款 1.6L 手动乐选型,4.50
/su/2aa5cabbe216d0b8x.htm#fr_page=list&fr_pos=city&fr_no=6,大众 高尔夫 2014款 1.6L 自动舒适型,9.60
/sjz/f8ba179573e23a6fx.htm#fr_page=list&fr_pos=city&fr_no=7,大众 速腾 2015款 1.6L 自动舒适型,9.20
/dg/08df0d3964e1c46bx.htm#fr_page=list&fr_pos=city&fr_no=8,大众 朗逸 2013款 改款经典 1.6L 自动风尚版,8.12
/fz/b18b7b9ecd580481x.htm#fr_page=list&fr_pos=city&fr_no=9,奔驰C级 2010款 C 200 CGI 时尚型,9.50
/nmg/69239bc63e052bd2x.htm#fr_page=list&fr_pos=city&fr_no=10,本田 奥德赛 2015款 2.4L 智享版,17.50
/zz/b0239042819f4dfex.htm#fr_page=list&fr_pos=city&fr_no=11,奔驰E级 2010款 E 200 CGI 优雅型(进口),11.98
/sh/4f6f488bf226c927x.htm#fr_page=list&fr_pos=city&fr_no=12,雪佛兰 科帕奇 2015款 2.4L 四驱旗舰版 7座,8.61
/baoding/fc2055a351e8d864x.htm#fr_page=list&fr_pos=city&fr_no=13,吉利 博瑞 2017款 1.8T 旗舰型,8.98
/dezhou/a10b79da94b7e5a3x.htm#fr_page=list&fr_pos=city&fr_no=14,哈弗H6 2015款 改款 运动版 1.5T 手动两驱精英型,5.78
/bj/90bc90ef88009c2ax.htm#fr_page=list&fr_pos=city&fr_no=15,别克 威朗 2016款 两厢GS 20T 双离合燃情运动型,9.30
/cq/d1a0dc3d79a7cf6ex.htm#fr_page=list&fr_pos=city&fr_no=16,大众 途观 2013款 1.8TSI 自动四驱豪华型,9.88
/hz/b2c92c4e69849714x.htm#fr_page=list&fr_pos=city&fr_no=17,宝马X6 2009款 xDrive35i(进口),19.50
/sjz/0051a576386d152fx.htm#fr_page=list&fr_pos=city&fr_no=18,福田 蒙派克E 2017款 2.0L新快运长轴4Q20M,5.48
/tj/9e6526eeac1d609ex.htm#fr_page=list&fr_pos=city&fr_no=19,日产 天籁 2016款 改款 2.0L XL舒适版,15.48
/yancheng/74d1098d400dd799x.htm#fr_page=list&fr_pos=city&fr_no=20,奥迪A6L 2012款 TFSI 舒适型,19.50
/zz/286eb35ba69f1733x.htm#fr_page=list&fr_pos=city&fr_no=21,日产 天籁 2016款 改款 2.0L XL舒适版,13.80
/dl/310c6dd1b0e6034ax.htm#fr_page=list&fr_pos=city&fr_no=22,日产 天籁 2016款 改款 2.0L XL舒适版,12.80
/wei/593bcd3aedf395bcx.htm#fr_page=list&fr_pos=city&fr_no=23,江淮 瑞风M5 2019款 2.0T 汽油双离合商务版,9.30
/xm/2241b58f0c4f8c4dx.htm#fr_page=list&fr_pos=city&fr_no=24,大众 朗逸 2015款 230TSI DSG舒适版,8.28
/cq/1b322f7333b846a0x.htm#fr_page=list&fr_pos=city&fr_no=25,哈弗H6 2015款 升级版 1.5T 手动两驱精英型,4.58
/dl/2a2b396348d750f5x.htm#fr_page=list&fr_pos=city&fr_no=26,奔腾X80 2013款 2.0L 手动豪华型,4.50
/qd/a80899a141a29dcfx.htm#fr_page=list&fr_pos=city&fr_no=27,本田CR-V 2013款 2.4L 四驱豪华版,13.80
/cq/a46a15a1b8f00e27x.htm#fr_page=list&fr_pos=city&fr_no=28,长安欧尚 欧尚A600 2018款 1.6L 自动豪华型,5.78
/ty/57d5a9710b596a02x.htm#fr_page=list&fr_pos=city&fr_no=29,长安CS35 2017款 1.6L 自动豪华型,6.50
/cd/05c656e1a81b6ca6x.htm#fr_page=list&fr_pos=city&fr_no=30,丰田 普拉多 2.7L 自动 TX-L 中东版,32.98
/wh/2ee4f114f3ec38f5x.htm#fr_page=list&fr_pos=city&fr_no=31,MG 锐腾 2017款 20T 自动豪华版,7.38
/cq/1250ab5c1fdd9213x.htm#fr_page=list&fr_pos=city&fr_no=32,Jeep 自由侠 2018款 互联大屏版 180T 自动动能版+,8.38
/jilin/64aebcece688a1e7x.htm#fr_page=list&fr_pos=city&fr_no=33,英菲尼迪Q70L 2013款 Q70L 2.5L 舒适版(进口),20.98
/cs/ddb2e10c44b5ab69x.htm#fr_page=list&fr_pos=city&fr_no=34,大众 迈腾 2020款 330TSI DSG 领先型,19.28
/tj/fa5723d550bf686fx.htm#fr_page=list&fr_pos=city&fr_no=35,宝马5系 2014款 525Li 豪华设计套装,24.80
/zhangjiakou/d4ce5b86082ff50fx.htm#fr_page=list&fr_pos=city&fr_no=36,荣威RX5 2018款 20T 两驱自动旗舰版,7.90
/cc/e5c61910967748c2x.htm#fr_page=list&fr_pos=city&fr_no=37,宝马3系 2018款 320Li 时尚型,23.60
/sh/a914cdb79c27a286x.htm#fr_page=list&fr_pos=city&fr_no=38,奔驰E级 2020款 E 260 运动版 4MATIC(进口),39.80
/wh/9c0354341203fb41x.htm#fr_page=list&fr_pos=city&fr_no=39,荣威RX5 2016款 20T 两驱自动互联网智享版,8.38
/zhangjiakou/d4ce5b86082ff50fx.htm#fr_page=list&fr_pos=city&fr_no=0,荣威RX5 2018款 20T 两驱自动旗舰版,7.90
/jn/973dabb8b309df28x.htm#fr_page=list&fr_pos=city&fr_no=1,大众 宝来 2013款 1.6L 自动舒适型,5.30
/yancheng/e681cfbd760740a0x.htm#fr_page=list&fr_pos=city&fr_no=2,传祺GS8 2017款 320T 两驱豪华智联版（七座）,13.80
/dezhou/3d0d19b4e73342bex.htm#fr_page=list&fr_pos=city&fr_no=3,传祺GS8 2020款 390T 两驱豪华智联版（七座）,16.50
/hrb/2441e176f3db9707x.htm#fr_page=list&fr_pos=city&fr_no=4,雪佛兰 科鲁兹 2011款 1.6L SE AT,3.30
/bj/74a72233f9da15a3x.htm#fr_page=list&fr_pos=city&fr_no=5,日产 天籁 2011款 2.5L XL领先版,7.50
/jiaxing/d0220f4f0ba8f540x.htm#fr_page=list&fr_pos=city&fr_no=6,起亚K2 2017款 三厢 1.4L AT 15周年特别版GLS,6.40
/tj/0b1f83e8ab9550aax.htm#fr_page=list&fr_pos=city&fr_no=7,福特 福克斯 2009款 两厢 1.8L 自动时尚型,3.30
/su/d527ffd42b738734x.htm#fr_page=list&fr_pos=city&fr_no=8,奔驰C级 2010款 C 200K 标准型,9.50
/dg/4c061413d0f84a93x.htm#fr_page=list&fr_pos=city&fr_no=9,本田 锋范经典 2011款 1.5L 自动精英品致版,4.38
/km/32d4730818707cbex.htm#fr_page=list&fr_pos=city&fr_no=10,大众POLO 2009款 劲情 1.4L 手动时尚版,2.68
/wh/ad85fc57238e5d27x.htm#fr_page=list&fr_pos=city&fr_no=11,大众 朗逸 2013款 改款经典 1.6L 自动舒适版,6.63
/ty/79d09525b5939a7dx.htm#fr_page=list&fr_pos=city&fr_no=12,福特 福克斯 2012款 三厢 1.6L 自动风尚型,4.38
/dg/08df0d3964e1c46bx.htm#fr_page=list&fr_pos=city&fr_no=13,大众 朗逸 2013款 改款经典 1.6L 自动风尚版,8.12
/sh/4f6f488bf226c927x.htm#fr_page=list&fr_pos=city&fr_no=14,雪佛兰 科帕奇 2015款 2.4L 四驱旗舰版 7座,8.61
/changzhi/753783bfc4075e64x.htm#fr_page=list&fr_pos=city&fr_no=15,福特 福克斯 2011款 两厢 1.8L 自动时尚型,3.08
/xa/d4fa66273837dca1x.htm#fr_page=list&fr_pos=city&fr_no=16,起亚K2 2015款 三厢 1.4L AT GLS,4.80
/jn/fe68a9e7aaf25c92x.htm#fr_page=list&fr_pos=city&fr_no=17,别克 昂科威 2016款 28T 四驱豪华型,15.90
/sh/b54b5ca4da3e3ec1x.htm#fr_page=list&fr_pos=city&fr_no=18,起亚 智跑 2012款 2.0L 自动两驱版GLS,7.18
/nj/677ca2919993720fx.htm#fr_page=list&fr_pos=city&fr_no=19,本田 缤智 2016款 1.8L CVT两驱先锋型,10.70
/jiaxing/4622d8cbeadcc66bx.htm#fr_page=list&fr_pos=city&fr_no=20,本田 雅阁 2010款 2.0L EX,6.10
/jn/ede92389d6320693x.htm#fr_page=list&fr_pos=city&fr_no=21,别克 昂科威 2016款 20T 两驱精英型,12.50
/zz/b0239042819f4dfex.htm#fr_page=list&fr_pos=city&fr_no=22,奔驰E级 2010款 E 200 CGI 优雅型(进口),11.98
/ty/58ecdb51ee3804b2x.htm#fr_page=list&fr_pos=city&fr_no=23,别克 君威 2010款 2.0L 世博版,4.38
/fz/3c3beca991162660x.htm#fr_page=list&fr_pos=city&fr_no=24,福特 嘉年华 2011款 三厢 1.5L 自动时尚型,3.10
/xm/2241b58f0c4f8c4dx.htm#fr_page=list&fr_pos=city&fr_no=25,大众 朗逸 2015款 230TSI DSG舒适版,8.28
/sh/07e8e4b8af867da2x.htm#fr_page=list&fr_pos=city&fr_no=26,宝马X1 2014款 sDrive18i 时尚型,12.80
/qd/29612a5d77a42270x.htm#fr_page=list&fr_pos=city&fr_no=27,别克 凯越 2011款 1.6LE-AT,2.80
/su/68e6ea06c54eeacex.htm#fr_page=list&fr_pos=city&fr_no=28,别克 英朗 2015款 15N 自动豪华型,6.48
/cq/d1a0dc3d79a7cf6ex.htm#fr_page=list&fr_pos=city&fr_no=29,大众 途观 2013款 1.8TSI 自动四驱豪华型,9.88
/wx/20fce5b48e3d774fx.htm#fr_page=list&fr_pos=city&fr_no=30,斯柯达 晶锐 2011款 1.4L 自动晶致版,2.80
/bj/90bc90ef88009c2ax.htm#fr_page=list&fr_pos=city&fr_no=31,别克 威朗 2016款 两厢GS 20T 双离合燃情运动型,9.30
/zz/4f72921425707e45x.htm#fr_page=list&fr_pos=city&fr_no=32,福特 福睿斯 2015款 1.5L 手动舒适型,3.85
/fz/b18b7b9ecd580481x.htm#fr_page=list&fr_pos=city&fr_no=33,奔驰C级 2010款 C 200 CGI 时尚型,9.50
/tj/24be4fa76bfb701ax.htm#fr_page=list&fr_pos=city&fr_no=34,福特 蒙迪欧-致胜 2011款 2.0L GTDi200豪华型,5.85
/sh/6e8a7da19a339492x.htm#fr_page=list&fr_pos=city&fr_no=35,DS 5 2013款 1.6T 雅致版THP160,8.80
/sh/73e66c1b88e7614ax.htm#fr_page=list&fr_pos=city&fr_no=36,雪佛兰 迈锐宝 2013款 2.0L 自动豪华版,5.68
/wh/199764ef56a7aa57x.htm#fr_page=list&fr_pos=city&fr_no=37,雪佛兰 科鲁兹 2009款 1.6L SE AT,3.98
/jilin/12ebacf72ea65fbbx.htm#fr_page=list&fr_pos=city&fr_no=38,大众 宝来 2011款 1.4T AT Sportline,4.65
/hf/6e82c3d796e7a6b5x.htm#fr_page=list&fr_pos=city&fr_no=39,大众 朗逸 2013款 改款经典 1.6L 自动风尚版,6.88
/ty/412fd80ba5bdaf3ax.htm#fr_page=list&fr_pos=city&fr_no=0,别克GL8 2014款 2.4L 经典版,8.88
/dg/b672a984fa05dd7fx.htm#fr_page=list&fr_pos=city&fr_no=1,东风风神A30 2014款 1.5L 手动智驱智尚型,2.68
/sy/a28369dde44b6c98x.htm#fr_page=list&fr_pos=city&fr_no=2,日产 楼兰 2011款 3.5L CVT,11.58
/yangzhou/9f883af10fe00256x.htm#fr_page=list&fr_pos=city&fr_no=3,众泰SR7 2016款 1.5T CVT魔方之心版 国V,4.30
/wx/8ec0058317ada500x.htm#fr_page=list&fr_pos=city&fr_no=4,日产 轩逸 2009款 1.6XE 自动舒适版,4.08
/dg/3b25567feb67b6d1x.htm#fr_page=list&fr_pos=city&fr_no=5,福特 嘉年华 2011款 两厢 1.5L 自动时尚型,3.68
/km/fc25d24c876dc542x.htm#fr_page=list&fr_pos=city&fr_no=6,大众 迈腾 2016款 1.8TSI 智享舒适型,12.88
/cd/706696036b70bda0x.htm#fr_page=list&fr_pos=city&fr_no=7,奇瑞E5 2011款 1.5L 手动优悦型,1.55
/jn/476ea9310b2731cex.htm#fr_page=list&fr_pos=city&fr_no=8,陆风X7 2015款 2.0T 全景尊贵版,6.80
/su/5dbb0181075a6a76x.htm#fr_page=list&fr_pos=city&fr_no=9,福特 福克斯 2012款 两厢 1.6L 自动舒适型,5.58
/xinxiang/7805e9c19b4c291ax.htm#fr_page=list&fr_pos=city&fr_no=10,起亚K2 2015款 三厢 1.4L AT GLS,4.90
/tj/3e76f187a8eb1561x.htm#fr_page=list&fr_pos=city&fr_no=11,雪佛兰 创酷 2016款 1.4T 自动两驱舒适天窗版,6.58
/nmg/d0372b7e9da1af90x.htm#fr_page=list&fr_pos=city&fr_no=12,MINI Countryman 2011款 1.6L COOPER Excitement,11.80
/jiaxing/786316cf77080c07x.htm#fr_page=list&fr_pos=city&fr_no=13,大众 迈腾 2013款 1.8TSI 领先型,10.68
/yuncheng/71d5c15ca49461e4x.htm#fr_page=list&fr_pos=city&fr_no=14,MG3 2013款 1.3L 手动舒适版,2.00
/foshan/e782ea057b0568fcx.htm#fr_page=list&fr_pos=city&fr_no=15,大众 捷达 2015款 质惠版 1.6L 自动舒适型,6.18
/xm/0b39fa71f8fa7313x.htm#fr_page=list&fr_pos=city&fr_no=16,起亚K2 2012款 三厢 1.4L AT GLS纪念版,4.50
/sh/0e53c21cc10c3b52x.htm#fr_page=list&fr_pos=city&fr_no=17,本田XR-V 2015款 1.8L VTi CVT豪华版,10.98
/sh/ec964d704f172ee9x.htm#fr_page=list&fr_pos=city&fr_no=18,讴歌MDX 2014款 3.5L 精英版(进口),31.80
/xinxiang/76255243e4a55e82x.htm#fr_page=list&fr_pos=city&fr_no=19,哈弗H1 2016款 蓝标 1.5L AMT豪华型,3.98
/zz/accf895f574a419fx.htm#fr_page=list&fr_pos=city&fr_no=20,日产 骐达 2008款 1.6L 自动智能型,3.90
/hf/811f9315ce14327fx.htm#fr_page=list&fr_pos=city&fr_no=21,本田XR-V 2015款 1.8L EXi  CVT舒适版,10.80
/sjz/365511724958cb6bx.htm#fr_page=list&fr_pos=city&fr_no=22,雪佛兰 迈锐宝XL 2016款 1.5T 双离合锐享版,10.50
/jilin/1614b70e880fa633x.htm#fr_page=list&fr_pos=city&fr_no=23,大众 迈腾 2011款 1.4TSI 精英型,5.25
/ty/adc6dccc868ad3b9x.htm#fr_page=list&fr_pos=city&fr_no=24,传祺GS4 2015款 200T G-DCT豪华版,6.80
/zz/2ef6db913323e2e6x.htm#fr_page=list&fr_pos=city&fr_no=25,福特 福克斯 2012款 两厢 1.6L 自动风尚型,6.38
/fz/6940009459225038x.htm#fr_page=list&fr_pos=city&fr_no=26,福特 福克斯 2012款 两厢 1.6L 自动舒适型,5.10
/jn/1aa5ad6b3e73e80cx.htm#fr_page=list&fr_pos=city&fr_no=27,大众 帕萨特 2013款 1.8TSI DSG尊荣版,9.30
/jiaxing/c4e5e38e70427f08x.htm#fr_page=list&fr_pos=city&fr_no=28,福特 蒙迪欧 2013款 2.0L GTDi200时尚型,9.85
/gz/ea9884a6d7dc047ex.htm#fr_page=list&fr_pos=city&fr_no=29,福特 翼搏 2013款 1.5L 自动风尚型,4.85
/wx/bd6661b2c045b466x.htm#fr_page=list&fr_pos=city&fr_no=30,大众 宝来 2011款 1.4T AT Sportline,5.20
/dg/f90dfc585502154ax.htm#fr_page=list&fr_pos=city&fr_no=31,福特 福克斯 2012款 三厢 1.6L 自动风尚型,4.88
/su/aa1572fc6e56cacfx.htm#fr_page=list&fr_pos=city&fr_no=32,宝马3系 2011款 318i 领先型,8.88
/yangzhou/809ed1d3f69d7bd0x.htm#fr_page=list&fr_pos=city&fr_no=33,雪佛兰 科鲁兹 2018款 320 自动先锋天窗版,6.58
/zz/c599299f7c579ac6x.htm#fr_page=list&fr_pos=city&fr_no=34,宝骏730 2016款 1.5L 手动舒适型 7座 国V,4.90
/dg/c65aca9c61c71bb8x.htm#fr_page=list&fr_pos=city&fr_no=35,本田 飞度 2014款 1.5L LX CVT舒适型,5.68
/jn/2cea5ea026ba969ax.htm#fr_page=list&fr_pos=city&fr_no=36,凯迪拉克ATS-L 2016款 28T 技术型,15.97
/wx/ce1fb8a045c75dd6x.htm#fr_page=list&fr_pos=city&fr_no=37,雪铁龙 世嘉 2009款 三厢 2.0L 手动时尚型,1.78
/quanzhou/71c65a5afcadfee9x.htm#fr_page=list&fr_pos=city&fr_no=38,大众 捷达 2013款 1.6L 手动舒适型,3.50
/sjz/c5a087a4dcb76521x.htm#fr_page=list&fr_pos=city&fr_no=39,大众 朗逸 2013款 改款经典 1.6L 自动风尚版,6.50
/gz/a55c233a10fb7065x.htm#fr_page=list&fr_pos=city&fr_no=0,斯柯达 昊锐 2009款 1.8TSI 自动智雅版,4.78
/hz/0a2cf0d771403c3bx.htm#fr_page=list&fr_pos=city&fr_no=1,福特 翼搏 2013款 1.5L 手动尊贵型,3.20
/hf/df150af8bd1fe95fx.htm#fr_page=list&fr_pos=city&fr_no=2,大众 朗逸 2013款 改款经典 1.6L 自动风尚版,6.99
/km/27b0c115e23e3609x.htm#fr_page=list&fr_pos=city&fr_no=3,大众POLO 2013款 1.6L 手动舒适版,4.28
/jilin/71dfe5b75239b415x.htm#fr_page=list&fr_pos=city&fr_no=4,别克 君威 2011款 2.4L SIDI舒适版,5.70
/zz/421746f37b539075x.htm#fr_page=list&fr_pos=city&fr_no=5,马自达6 2008款 2.0L 自动时尚型,3.85
/fz/9f66823477048e6cx.htm#fr_page=list&fr_pos=city&fr_no=6,福特 福克斯 2012款 三厢 1.6L 自动风尚型,5.09
/sh/cc6a9cc5e27dd09ax.htm#fr_page=list&fr_pos=city&fr_no=7,大众 途观 2016款 300TSI 自动四驱豪华版,13.80
/xa/4d8f0b1c81d31dc7x.htm#fr_page=list&fr_pos=city&fr_no=8,大众 高尔夫 2012款 1.4TSI 自动舒适型,7.30
/su/126cfcb97a9dc964x.htm#fr_page=list&fr_pos=city&fr_no=9,宝马1系 2013款 改款 118i 领先型(进口),10.80
/dl/68ead60938b2f4fex.htm#fr_page=list&fr_pos=city&fr_no=10,奥迪A6L 2011款 2.7 TDI 舒适型,13.80
/hz/30e760a6364a5aebx.htm#fr_page=list&fr_pos=city&fr_no=11,奥迪Q5 2011款 2.0TFSI 进取型,11.80
/nmg/aef1a0cc4250060fx.htm#fr_page=list&fr_pos=city&fr_no=12,雪佛兰 赛欧 2010款 两厢 1.2L AMT理想版,2.10
/bj/9b408ff5c4c12549x.htm#fr_page=list&fr_pos=city&fr_no=13,奔驰E级 2010款 E 260 CGI Coupe(进口),14.50
/cd/a6740dad5de03615x.htm#fr_page=list&fr_pos=city&fr_no=14,福特 蒙迪欧 2013款 2.0L GTDi200豪华型,10.30
/jn/ebf106c18f2bc5eex.htm#fr_page=list&fr_pos=city&fr_no=15,别克 英朗 2013款 GT 1.6L 自动舒适版,5.10
/tj/1208052c7ca7bc4bx.htm#fr_page=list&fr_pos=city&fr_no=16,标致408 2015款 1.2T 自动豪华版,6.80
/su/521983b343c06678x.htm#fr_page=list&fr_pos=city&fr_no=17,日产 轩逸 2016款 1.8XL CVT豪华版,9.58
/km/80af03f467903b5bx.htm#fr_page=list&fr_pos=city&fr_no=18,大众POLO 2011款 1.4L 自动致尚版,4.08
/jiaxing/49b3a0e9d4317f73x.htm#fr_page=list&fr_pos=city&fr_no=19,日产 骐达 2020款 1.6L CVT智行版,11.98
/hf/fec145c699560885x.htm#fr_page=list&fr_pos=city&fr_no=20,雪佛兰 爱唯欧 2011款 三厢 1.4L MT SE,2.85
/sy/102784ec8190ff68x.htm#fr_page=list&fr_pos=city&fr_no=21,现代 朗动 2015款 1.6L 自动领先型,6.98
/ty/60561d0bd54bbaedx.htm#fr_page=list&fr_pos=city&fr_no=22,吉利 博越 2016款 1.8TD 自动智尊型,8.30
/zhuhai/205c46ab646251b0x.htm#fr_page=list&fr_pos=city&fr_no=23,别克GL8 2014款 2.4L 经典版,10.68
/hf/f52397f6e6714dd6x.htm#fr_page=list&fr_pos=city&fr_no=24,标致308 2014款 乐享版 经典 1.6L 手动优尚型,3.98
/su/605b1f2562640310x.htm#fr_page=list&fr_pos=city&fr_no=25,丰田 YARiS L 致炫 2020款 1.5L CVT豪华版,7.58
/jn/8ff6d5ac400dcadfx.htm#fr_page=list&fr_pos=city&fr_no=26,奔驰GLA级 2016款 GLA 220 4MATIC 时尚型,19.30
/hf/8ebb42198c688449x.htm#fr_page=list&fr_pos=city&fr_no=27,雪佛兰 科鲁兹 2009款 1.6L SE MT,2.58
/cd/c0b2df5a97cf39fdx.htm#fr_page=list&fr_pos=city&fr_no=28,别克 凯越 2013款 1.5L 自动经典型,3.95
/qd/3ddfb408f6dbd834x.htm#fr_page=list&fr_pos=city&fr_no=29,福特 翼搏 2013款 1.5L 自动尊贵型,5.58
/wx/1ff19e21c7719e27x.htm#fr_page=list&fr_pos=city&fr_no=30,海马 福美来 2011款 1.6L 手动宜居版,1.98
/dg/6e9175e94782172bx.htm#fr_page=list&fr_pos=city&fr_no=31,东风风行 风行S500 2016款 1.5L 手动舒适型,3.10
/hf/31a24b4ecefc0072x.htm#fr_page=list&fr_pos=city&fr_no=32,福特 福睿斯 2017款 改款 1.5L 自动舒适型,5.76
/zz/88161f7e9bdfca5dx.htm#fr_page=list&fr_pos=city&fr_no=33,雪佛兰 迈锐宝 2014款 2.4L 自动豪华版,9.30
/qd/45df523e3041964bx.htm#fr_page=list&fr_pos=city&fr_no=34,福特 福克斯 2012款 两厢 1.6L 自动舒适型,5.38
/sy/50c21c5b658576dbx.htm#fr_page=list&fr_pos=city&fr_no=35,别克 凯越 2008款 1.6LE-AT,2.50
/jn/5fc879cf19145711x.htm#fr_page=list&fr_pos=city&fr_no=36,现代 瑞纳 2020款 1.4L 手动焕新版,4.65
/hz/1df769730f1bbd5bx.htm#fr_page=list&fr_pos=city&fr_no=37,雪佛兰 科鲁兹 2013款 1.6L SE AT,3.30
/yangzhou/835a677638350928x.htm#fr_page=list&fr_pos=city&fr_no=38,别克 凯越 2015款 1.5L 自动经典型,4.87
/jinhua/9ad14f5bfe8aafb6x.htm#fr_page=list&fr_pos=city&fr_no=39,Jeep 指南者 2011款 2.4L 四驱运动版(进口),6.60
